,Fulltext Retriever,Semantic Retriever,Reranking Retriever
Recall@1,0.19298245614035087,0.3267543859649123,0.5
Recall@3,0.30043859649122806,0.5942982456140351,0.668859649122807
Recall@5,0.3267543859649123,0.6578947368421053,0.706140350877193
Recall@10,0.34868421052631576,0.706140350877193,0.7280701754385965
MRR@1,0.2894736842105263,0.5526315789473685,0.7894736842105263
MRR@3,0.3508771929824561,0.6885964912280702,0.8596491228070176
MRR@5,0.3574561403508772,0.6951754385964912,0.8649122807017544
MRR@10,0.36622807017543857,0.6995614035087719,0.8649122807017544
